
INSERT INTO localidad VALUES(1, 'ADROGUE');
INSERT INTO localidad VALUES(2, 'ALTO RIO SENGUER');
INSERT INTO localidad VALUES(3, 'BUEN PASTO');
INSERT INTO localidad VALUES(4, 'CAMARONES');
INSERT INTO localidad VALUES(5, 'LAGUNA PAIVA');
INSERT INTO localidad VALUES(6, 'CARRENLEUFU');
INSERT INTO localidad VALUES(7, 'CERRO CENTINELA');
INSERT INTO localidad VALUES(8, 'CHOLILA');
INSERT INTO localidad VALUES(9, 'ADROGUE');
INSERT INTO localidad VALUES(10, 'COMODORO RIVADAVIA');
INSERT INTO localidad VALUES(11, 'CORCOVADO');
INSERT INTO localidad VALUES(12, 'DOLAVON');
INSERT INTO localidad VALUES(13, 'EL BOLSON');
INSERT INTO localidad VALUES(14, 'EL HOYO');
INSERT INTO localidad VALUES(15, 'EL MAITEN');
INSERT INTO localidad VALUES(16, 'EPUYEN');
INSERT INTO localidad VALUES(17, 'ESQUEL');
INSERT INTO localidad VALUES(18, 'GAIMAN');
INSERT INTO localidad VALUES(19, 'GASTRE');
INSERT INTO localidad VALUES(20, 'GOBERNADOR COSTA');
INSERT INTO localidad VALUES(21, 'JOSE DE SAN MARTIN');
INSERT INTO localidad VALUES(22, 'LAS PLUMAS');
INSERT INTO localidad VALUES(23, 'PASO DE INDIOS');
INSERT INTO localidad VALUES(24, 'PASO DEL SAPO');
INSERT INTO localidad VALUES(25, 'PLAYA UNION');
INSERT INTO localidad VALUES(26, 'PUERTO PIRAMIDES');
INSERT INTO localidad VALUES(27, 'RADA TILLY');
INSERT INTO localidad VALUES(28, 'RAWSON');
INSERT INTO localidad VALUES(29, 'RIO MAYO');
INSERT INTO localidad VALUES(30, 'RIO PICO');
INSERT INTO localidad VALUES(31, 'SARMIENTO');
INSERT INTO localidad VALUES(32, 'TECKA');
INSERT INTO localidad VALUES(33, 'TRELEW');
INSERT INTO localidad VALUES(34, 'TREVELIN');

INSERT INTO cliente VALUES (25230298, 1, 'SANTOS CALVO 279', 'DELLA TORRE, SANTIAGO' );
INSERT INTO cliente VALUES (34567890, NULL, 'SAN MARTIN 234', 'GOMEZ, JUAN' );
INSERT INTO cliente VALUES (60458, 6, 'CARLOS GARDEL 245', 'ACOSTA, MONICA AGOSTINA' );
INSERT INTO cliente VALUES (4127282, 22, ' JOSE DE SAN MARTIN 654', 'CARDOZO, GASTON MANUEL' );
INSERT INTO cliente VALUES (4892643, 13, 'PAIRO 735', 'AGUERO, IVANA DANIELA' );
INSERT INTO cliente VALUES (5614895, 19, 'RAMON Y CAJAL 345', 'ANTIECO, VALENTINA ZULMA' );
INSERT INTO cliente VALUES (7324141, 25, '25 DE MAYO 121', 'BARROSO, BRENDA VALENTINA' );
INSERT INTO cliente VALUES (8700765, 32, 'ALBERDI 200', 'DAVIES, STELLA VIRGINIA' );
INSERT INTO cliente VALUES (10271794, 2, 'FONTANA 65', 'CABRAL, HILDA LILIANA' );
INSERT INTO cliente VALUES (10637947, 4, 'ACOSTA 23', 'PARRA, EMILIO SERGIO' );
INSERT INTO cliente VALUES (11328556, 3, '27 DE FEBRERO 7', 'CASTILLO, BARBARA NOELIA' );
INSERT INTO cliente VALUES (12040760, 6, '9 DE JULIO 67', 'AVILES, NANCY GISELA' );
INSERT INTO cliente VALUES (12047675, 31, 'ACHÁVAL RODRIGUEZ 433', 'LORENZO, FLAVIA BLANCA' );
INSERT INTO cliente VALUES (14688542, 28, 'ACOYTE', 'BARRIENTOS 457, MAIRA ELISA' );
INSERT INTO cliente VALUES (16072952, 23, 'ALBARELLOS 987', 'ARANDA, ROXANA MARISA' );
INSERT INTO cliente VALUES (16321560, 15, 'JUAN BAUTISTA 543', 'BRAVO, SABRINA MACARENA' );
INSERT INTO cliente VALUES (18117419,1,'CONGRESO 441','ALTAMIRANO, PAOLA NILDA' );
INSERT INTO cliente VALUES (18567492,4,'TREVELIN 299','ACOSTA, EDGARDO PABLO' );
INSERT INTO cliente VALUES (20074536,6,'PECORARO 1004','ALMONACID, CECILIA MARIA' );
INSERT INTO cliente VALUES (22207641,9,'ZORRILLA 1193','AGUILERA, RICARDO DARIO' );
INSERT INTO cliente VALUES (23905562,1,'CORCOVADO 956','CABRAL, MONICA PAULA' );
INSERT INTO cliente VALUES (24615616,34,'HONDURAS 262','CARCAMO, RUBEN EDGARDO' );
INSERT INTO cliente VALUES (24744511,23,'ZORRILLA 904','AGUILAR, CANDELA ELIDA' );
INSERT INTO cliente VALUES (24780054,12,'LAGUNITA 141','CALDERON, RICARDO MIGUEL' );
INSERT INTO cliente VALUES (25124164,11,'ARENALES 798','AGUIRRE, PAOLA DAIANA' );
INSERT INTO cliente VALUES (26747525,12,'IRIGOYEN 1134','CATALAN, ALBERTO MAURICIO' );
INSERT INTO cliente VALUES (27977618,11,'RIVADAVIA 502','CARDOZO, WALTER SERGIO' );
INSERT INTO cliente VALUES (22252022,6,'COMODORO 733','ARIAS, PATRICIO GUILLERMO' );
INSERT INTO cliente VALUES (41616467,7,'CHACABUCO 740','HEREDIA, NICOLAS ENRIQUE' );
INSERT INTO cliente VALUES (47062587,3,'AZOPARDO 105','VARELA, JESSICA SANDRA' );
INSERT INTO cliente VALUES (47368763,9,'EMBARCACION 810','ARANDA, DELIA ROXANA' );
INSERT INTO cliente VALUES (51785074,14,'RIFLEROS 429','VELAZQUEZ, MAXIMO MIGUEL' );
INSERT INTO cliente VALUES (53323484,16,'COMISARIA 1296','MANRIQUEZ, VICTORIA MELISA' );
INSERT INTO cliente VALUES (53997094,4,'OLAVARRIA 338','AGUIRRE, YANINA DIANA' );
INSERT INTO cliente VALUES (54643224,34,'IRIGOYEN 667','REYES, MICAELA VALERIA' );
INSERT INTO cliente VALUES (56636357,34,'OLAVARRIA 1465','AGUILAR, NOEMI AGOSTINA' );
INSERT INTO cliente VALUES (62024605,32,'MOLINARI 589','QUINTEROS, GLADIS MABEL' );
INSERT INTO cliente VALUES (62104752,31,'ESCALADA 1075','REYNOSO, VANESA GLORIA' );
INSERT INTO cliente VALUES (64211027,30,'ZORRILLA 1316','RODRIGUEZ, MARIANELA NANCY' );
INSERT INTO cliente VALUES (65104248,7,'CAMBACERES 408','AZOCAR, JEREMIAS AGUSTIN' );
INSERT INTO cliente VALUES (65176624,8,'PIETROBELLI 799','ACEVEDO, ANTONELLA TAMARA' );
INSERT INTO cliente VALUES (66527305,9,'GOBERNADOR 895','HUENELAF, RAFAEL ALBERTO' );
INSERT INTO cliente VALUES (73103879,10,'CONGRESO 113','AZOCAR, ANGELA NATALIA' );
INSERT INTO cliente VALUES (73116620,34,'COMODORO 1163','ROLDAN, VALERIA BRENDA' );
INSERT INTO cliente VALUES (32135342,24,'CARRASCO 768','QUILODRAN, KAREN VALERIA' );
INSERT INTO cliente VALUES (73720348,21,'CHACABUCO 774','SEPULVEDA, GERMAN MARCOS' );
INSERT INTO cliente VALUES (73303553,20,'RECONQUISTA 1462','GARRIDO, LORENA ESTELA' );
INSERT INTO cliente VALUES (78108934,17,'CORCOVADO 1262','TAPIA, SANDRA CRISTINA' );
INSERT INTO cliente VALUES (78193928,19,'ALEJANDRO 705','BARRIOS, MARGARITA MELINA' );
INSERT INTO cliente VALUES (78158217,11,'FEDERICCI 714','VARELA, NELIDA MELINA' );
INSERT INTO cliente VALUES (78184867,10,'EMBARCACION 279','VIDAL, DANIELA PATRICIA' );
INSERT INTO cliente VALUES (83964333,2,'ESTIVARIZ 1384','GALLARDO, ALBERTO MAXIMO' );
INSERT INTO cliente VALUES (52540201,4,'HOSPITAL 42','MIGUEL, NELSON CARLOS' );
INSERT INTO cliente VALUES (60440781,9,'CONDARCO 1017','EVANS, NICOLAS CESAR' );
INSERT INTO cliente VALUES (63756853,32,'YRIGOYEN 89','NAHUELQUIR, MAURO MAURICIO' );
INSERT INTO cliente VALUES (73163249,11,'IRIGOYEN 920','MARQUEZ, MIRIAM CARINA' );
INSERT INTO cliente VALUES (73719154,17,'TREVELIN 1280','GONZALEZ, RAQUEL LETICIA' );
INSERT INTO cliente VALUES (73284699,16,'MISIONES 847','MARTIN, BLANCA CECILIA' );
INSERT INTO cliente VALUES (73927686,23,'FLORENCIO 861','JAMES, PAMELA HAYDEE' );
INSERT INTO cliente VALUES (76407883,22,'CAMBACERES 605','HUENELAF, MARIANA DELIA' );
INSERT INTO cliente VALUES (77035121,21,'HOSPITAL 33','MONTERO, ELIZABETH ISABEL' );
INSERT INTO cliente VALUES (78231922,29,'AZOPARDO 979','MONTERO, YAMILA AMALIA' );
INSERT INTO cliente VALUES (78808482,30,'OLAVARRIA 796','MARIN, VALERIA ZULMA' );
INSERT INTO cliente VALUES (79009450,31,'RIVADAVIA 965','SANDOVAL, CARINA SANDRA' );
INSERT INTO cliente VALUES (79035316,34,'TRIUNVIRATO 1318','VALLEJOS, BEATRIZ ELIANA' );
INSERT INTO cliente VALUES (81984567,23,'RECONQUISTA 148','MARTIN, ELISA GLADIS' );
INSERT INTO cliente VALUES (83996126,19,'PIEDRABUENA 1479','ROBERTS, RAMON MATIAS' );
INSERT INTO cliente VALUES (83964895,17,'COMISARIA 89','SALINAS, MIRTA ALICIA' );
INSERT INTO cliente VALUES (56171365,13,'MORETEAU 183','FREEMAN, AMELIA SILVIA' );
INSERT INTO cliente VALUES (41612198,11,'ALEJANDRO 622','LOPEZ, MILAGROS ADRIANA' );
INSERT INTO cliente VALUES (55936898,10,'CEFERINO 1469','LEDESMA, NOEMI YANINA' );
INSERT INTO cliente VALUES (56875380,7,'COMODORO 819','PRIETO, NELIDA CARLA' );
INSERT INTO cliente VALUES (58087475,3,'REMENTERIA 159','PACHECO, MARINA ISABEL' );
INSERT INTO cliente VALUES (59243563,9,'GRANADEROS 1215','BARRIA, SUSANA AGOSTINA' );
INSERT INTO cliente VALUES (73165340,24,'INGENIERO 314','TAPIA, RUBEN MAXIMILIANO' );
INSERT INTO cliente VALUES (73221731,32,'MALASPINA 461','OYARZUN, KAREN ANALIA' );
INSERT INTO cliente VALUES (73833214,21,'PIETROBELLI 1463','MARTIN, FLAVIA YOLANDA' );
INSERT INTO cliente VALUES (81199382,30,'MALVINAS 1471','LEDESMA, PATRICIA MACARENA' );
INSERT INTO cliente VALUES (86149562,1,'GREGORIO 297','SALINAS, NATALIA CATALINA' );
INSERT INTO cliente VALUES (97912532,2,'MOLINARI 1495','AVILES, MERCEDES ANGELICA' );
INSERT INTO cliente VALUES (97924063,NULL,'RIFLEROS 1320','VILLALBA, CATALINA LETICIA' );
INSERT INTO cliente VALUES (97950884,32,'CUSHAMEN 773','OTERO, FEDERICO BRIAN' );
INSERT INTO cliente VALUES (99700627,25,'CONDARCO 516','ROSALES, LEANDRO JORGE' );
INSERT INTO cliente VALUES (10028365,24,'RIVADAVIA 666','MONTERO, MAXIMILIANO TOMAS' );
INSERT INTO cliente VALUES (10028608,14,'PELLEGRINI 148','SANDOVAL, EDUARDO LUCIANO' );
INSERT INTO cliente VALUES (10360883,4,'CEFERINO 407','ALBORNOZ, JORGE DAVID' );
INSERT INTO cliente VALUES (10365676,2,'LIBERTAD 1363','RODRIGUEZ, GRACIELA CLAUDIA' );
INSERT INTO cliente VALUES (10602935,8,'CHACABUCO 262','TAPIA, ERICA IVANA' );
INSERT INTO cliente VALUES (10637343,16,'REMENTERIA 1398','REINOSO, DIANA ANALIA' );
INSERT INTO cliente VALUES (10762938,24,'REMENTERIA 831','MARTINEZ, JUANA ZULMA' );
INSERT INTO cliente VALUES (10784989,32,'AMEGHINO 574','SANTANDER, DAVID HECTOR' );
INSERT INTO cliente VALUES (10984352,34,'ESCALADA 1125','ROJAS, ALBERTO EDGARDO' );
INSERT INTO cliente VALUES (11006376,33,'ARENALES 650','ROSAS, BENJAMIN MAXIMILIANO' );
INSERT INTO cliente VALUES (11073536,32,'PECORARO 971','QUINTEROS, JESSICA SUSANA' );
INSERT INTO cliente VALUES (11337583,31,'PATAGONIA 1487','CARCAMO, YAMILA ANDREA' );
INSERT INTO cliente VALUES (11438705,30,'COMODORO 672','ROCHA, ANGELA MARTHA' );
INSERT INTO cliente VALUES (11582783,29,'IRIGOYEN 289','SANCHEZ, VERONICA SILVIA' );
INSERT INTO cliente VALUES (23425296,28,'GRANADEROS 1098','SAAVEDRA, CECILIA MARIA' );
INSERT INTO cliente VALUES (29854051,27,'MALVINAS 372','MORAGA, RUBEN BENJAMIN' );
INSERT INTO cliente VALUES (37535715,26,'ARENALES 1103','MONTESINO, BRUNO ERNESTO' );
INSERT INTO cliente VALUES (41596992,25,'PUEYRREDON 995','SEPULVEDA, VICTORIA VIRGINIA' );
INSERT INTO cliente VALUES (42297014,24,'HOSPITAL 884','NUNEZ, DANIELA MONICA' );
INSERT INTO cliente VALUES (43038903,23,'ALBARRACIN 774','OVIEDO, JONATAN MARIANO' );
INSERT INTO cliente VALUES (43549055,22,'CATAMARCA 513','MAYORGA, GLADYS SONIA' );
INSERT INTO cliente VALUES (47490519,21,'RIVADAVIA 511','RIVAS, TERESA LIDIA' );
INSERT INTO cliente VALUES (49910900,20,'GRANADEROS 402','MENDOZA, TOMAS FRANCISCO' );
INSERT INTO cliente VALUES (50783177,19,'GRANADEROS 657','OLIVA, EMILIANO SANTIAGO' );
INSERT INTO cliente VALUES (61752742,18,'RECONQUISTA 294','LOBOS, CLAUDIO MARCELO' );
INSERT INTO cliente VALUES (73070746,17,'TRIUNVIRATO 94','MONTENEGRO, PAMELA CARMEN' );
INSERT INTO cliente VALUES (73219756,16,'CORCOVADO 1042','ORTEGA, TAMARA ROXANA' );
INSERT INTO cliente VALUES (76154863,15,'HOSPITAL 858','NAHUELQUIR, STELLA MARISA' );
INSERT INTO cliente VALUES (78101039,14,'CORCOVADO 57','TRONCOSO, CAROLINA MARTA' );
INSERT INTO cliente VALUES (78132622,13,'MISIONES 1001','ORTEGA, IRENE ANDREA' );
INSERT INTO cliente VALUES (78159923,12,'MOLINARI 527','OYARZO, MARISA ALEJANDRA' );
INSERT INTO cliente VALUES (78889412,11,'COLOMBIA 617','NAVARRETE, MELISA GLADIS' );
INSERT INTO cliente VALUES (10804035,10,'TRIUNVIRATO 452','OVIEDO, JONATAN MAXIMO' );
INSERT INTO cliente VALUES (74318786,NULL,'COMERCIO 743','ALARCON, MARIANO ORLANDO' );
INSERT INTO cliente VALUES (80993455,8,'CASTELLI 466','FUENTES, MAURICIO LUCAS' );
INSERT INTO cliente VALUES (19007438,7,'RIVADAVIA 576','ACOSTA, MARIANA IVANA' );
INSERT INTO cliente VALUES (27662201,6,'ARISTOBULO 169','FERNANDEZ, ERICA MACARENA' );
INSERT INTO cliente VALUES (35436561,5,'CASTELLI 1326','VALENZUELA, BLANCA STELLA' );
INSERT INTO cliente VALUES (35950246,4,'AMEGHINO 1081','GEREZ, ALEJANDRO EDUARDO' );
INSERT INTO cliente VALUES (38608219,3,'RIVADAVIA 1218','RUBILAR, GUADALUPE MACARENA' );
INSERT INTO cliente VALUES (41862428,2,'EMBARCACION 532','ARANDA, DIANA SOFIA' );
INSERT INTO cliente VALUES (41815167,1,'CASTELLI 1432','ESPINOSA, LUISA SUSANA' );
INSERT INTO cliente VALUES (44917935,31,'PIETROBELLI 185','SANTANDER, KEVIN GUILLERMO' );
INSERT INTO cliente VALUES (44921843,32,'ZORRILLA 535','REINOSO, NORMA LUCIA' );
INSERT INTO cliente VALUES (45550879,33,'VIAMONTE 82','AVILES, ELVIRA GRACIELA' );
INSERT INTO cliente VALUES (54337897,34,'MALASPINA 846','ZAPATA, LAURA ELENA' );
INSERT INTO cliente VALUES (15212822,5,'SARGENTO 639','ALBORNOZ, IRENE MACARENA' );
INSERT INTO cliente VALUES (44928047,16,'OLAVARRIA 284','SANCHEZ, HAYDEE DAIANA' );
INSERT INTO cliente VALUES (52475882,30,'HIPOLITO 731','ROSSI, CAMILA NOEMI' );
INSERT INTO cliente VALUES (53247531,29,'SARGENTO 1067','ACOSTA, GLORIA ADRIANA' );
INSERT INTO cliente VALUES (53377454,28,'FRANCISCO 408','ACOSTA, LIDIA MELISA' );
INSERT INTO cliente VALUES (54984705,27,'SARGENTO 974','VALLEJOS, MORENA CAROLINA' );
INSERT INTO cliente VALUES (55872894,26,'PECORARO 766','VILLEGAS, VIVIANA ROSANA' );
INSERT INTO cliente VALUES (56446871,25,'REMENTERIA 361','AGUERO, ANTONELLA NORMA' );
INSERT INTO cliente VALUES (62663450,24,'PIEDRABUENA 780','ROJAS, JORGE NICOLAS' );
INSERT INTO cliente VALUES (53870136,23,'PENINSULA 129','FARIAS, KEVIN MARCELO' );
INSERT INTO cliente VALUES (65583152,22,'ESCALADA 683','CARRASCO, PATRICIO FRANCO' );
INSERT INTO cliente VALUES (73219635,21,'RIFLEROS 763','CIFUENTES, NELIDA MILAGROS' );
INSERT INTO cliente VALUES (73237184,20,'ALEJANDRO 414','CARRIZO, JESSICA JULIETA' );
INSERT INTO cliente VALUES (78885485,NULL,'COMISARIA 577','CATALAN, ELIAS FERNANDO' );
INSERT INTO cliente VALUES (93808466,19,'RIFLEROS 526','CATALAN, GONZALO CESAR' );
INSERT INTO cliente VALUES (10535757,18,'VILLARINO 61','CHAVEZ, ORLANDO GERARDO' );
INSERT INTO cliente VALUES (10804101,17,'CEFERINO 387','ESPINOSA, BRIAN RAMIRO' );
INSERT INTO cliente VALUES (11372263,16,'ZORRILLA 184','CASANOVA, LUCIANO GERARDO' );
INSERT INTO cliente VALUES (11767461,15,'GREGORIO 1190','RAMIREZ, YAMILA NORMA' );
INSERT INTO cliente VALUES (11793503,14,'COMISARIA 1111','NUNEZ, CRISTIAN RODOLFO' );
INSERT INTO cliente VALUES (11860993,13,'HONDURAS 795','MENDEZ, ELIDA MIRTHA' );
INSERT INTO cliente VALUES (11900484,12,'YRIGOYEN 1106','QUIROGA, AMELIA STELLA' );
INSERT INTO cliente VALUES (12041207,11,'OLAVARRIA 737','ALMONACID, LORENA GABRIELA' );
INSERT INTO cliente VALUES (12098128,10,'CENTENARIO 615','SANTOS, GISELA ALEJANDRA' );
INSERT INTO cliente VALUES (12134410,9,'FEDERICCI 1275','MORAGA, CLAUDIA MERCEDES' );
INSERT INTO cliente VALUES (12227127,8,'VIAMONTE 1191','DOMINGUEZ, ELIANA CANDELA' );
INSERT INTO cliente VALUES (12246787,7,'GREGORIO 302','RIQUELME, CATALINA NATALIA' );
INSERT INTO cliente VALUES (12538352,6,'LAGUNITA 572','VASQUEZ, BARBARA CLARA' );
INSERT INTO cliente VALUES (12538389,5,'HOSPITAL 1486','GARAY, CLARA BARBARA' );
INSERT INTO cliente VALUES (12568757,4,'OLAVARRIA 189','ALVAREZ, PATRICIA CANDELA' );
INSERT INTO cliente VALUES (12592792,3,'PATAGONIA 714','HUENELAF, SABRINA MONICA' );
INSERT INTO cliente VALUES (12594195,2,'ALEJANDRO 1086','RODRIGUEZ, GLADYS MARGARITA' );
INSERT INTO cliente VALUES (12743535,1,'PATAGONIA 106','AGUILERA, MATEO NESTOR' );
INSERT INTO cliente VALUES (12789350,2,'FLORENCIO 1244','VILLEGAS, GISELA LILIANA' );
INSERT INTO cliente VALUES (12977675,3,'MOLINARI 281','RIQUELME, MARTHA AGOSTINA' );
INSERT INTO cliente VALUES (13036049,4,'ESCALADA 22','SANCHEZ, ANDRES SEGUNDO' );
INSERT INTO cliente VALUES (13036072,5,'CUSHAMEN 107','GONZALEZ, MATIAS PATRICIO' );
INSERT INTO cliente VALUES (13244231,6,'OLAVARRIA 683','GARAY, VICENTE FACUNDO' );
INSERT INTO cliente VALUES (13256078,7,'IRIGOYEN 1131','QUINTEROS, JEREMIAS FACUNDO' );
INSERT INTO cliente VALUES (13260589,8,'REMENTERIA 1144','CHAVEZ, DOMINGO GERMAN' );
INSERT INTO cliente VALUES (13390837,9,'TEHUELCHES 466','LAGOS, JORGE DIEGO' );
INSERT INTO cliente VALUES (13491139,8,'ANTARTIDA 1480','SANTANA, VICTOR PEDRO' );
INSERT INTO cliente VALUES (13564717,7,'LIBERTAD 807','CARRASCO, BENJAMIN EZEQUIEL' );
INSERT INTO cliente VALUES (13605766,6,'LAGUNITA 1367','OLIVA, FABIAN SANTIAGO' );
INSERT INTO cliente VALUES (13746887,5,'VILLARINO 1194','ANDRADE, CECILIA ELVIRA' );
INSERT INTO cliente VALUES (13814549,4,'RIFLEROS 923','BARRERA, CINTIA DELIA' );
INSERT INTO cliente VALUES (13814820,3,'RIVADAVIA 736','RODRIGUEZ, BLANCA MORENA' );
INSERT INTO cliente VALUES (13922659,2,'RIVADAVIA 428','QUILODRAN, DANIELA SILVINA' );
INSERT INTO cliente VALUES (13922666,1,'RIFLEROS 341','PRIETO, NESTOR IGNACIO' );
INSERT INTO cliente VALUES (13941338,15,'CATAMARCA 1436','FUENTEALBA, GLADIS CYNTHIA' );
INSERT INTO cliente VALUES (13988488,16,'PECORARO 799','PEREIRA, SEGUNDO DIEGO' );
INSERT INTO cliente VALUES (14075950,17,'CONGRESO 1029','AVILES, CLAUDIO ELIAS' ); 
INSERT INTO cliente VALUES (14199348,18,'CENTENARIO 981','IBANEZ, MARTIN VICTOR' );
INSERT INTO cliente VALUES (14270305,19,'ANTARTIDA 855','ROBLEDO, FERNANDO IGNACIO' );
INSERT INTO cliente VALUES (14296024,20,'COMODORO 74','PINILLA, MELINA SANDRA' );
INSERT INTO cliente VALUES (14337537,21,'HIPOLITO 995','MORON, CRISTIAN VICTOR' );
INSERT INTO cliente VALUES (14406896,22,'VIAMONTE 407','OVIEDO, BENJAMIN PEDRO' );
INSERT INTO cliente VALUES (14625538,23,'CUSHAMEN 154','PRIETO, YAMILA CECILIA' );
INSERT INTO cliente VALUES (14672006,24,'CORCOVADO 703','MIRANDA, ALEJANDRA FLORENCIA' );
INSERT INTO cliente VALUES (14683998,25,'PECORARO 455','LINARES, HILDA TERESA' );
INSERT INTO cliente VALUES (14827743,26,'FEDERICCI 267','RIQUELME, ORLANDO LAUTARO' );
INSERT INTO cliente VALUES (14848242,27,'COMISARIA 1410','VILLARROEL, GABRIELA CLARA' );
INSERT INTO cliente VALUES (14853698,28,'CEFERINO 209','VILLARROEL, OSCAR PABLO' );
INSERT INTO cliente VALUES (14930974,29,'EMBARCACION 814','OTERO, NANCY DANIELA' );
INSERT INTO cliente VALUES (14944311,30,'IRIGOYEN 1141','CHAVEZ, LUCIANA ELISA' );
INSERT INTO cliente VALUES (16001447,31,'TREVELIN 1435','ROBLEDO, JULIETA JOHANA' );
INSERT INTO cliente VALUES (16049944,32,'MALASPINA 286','VARELA, MATIAS WALTER' );
INSERT INTO cliente VALUES (16089064,33,'PIETROBELLI 1097','AUSTIN, FABIAN CLAUDIO' );
INSERT INTO cliente VALUES (16280225,34,'PECORARO 188','TORRES, TAMARA ELIANA' );
INSERT INTO cliente VALUES (16285833,15,'PIEDRABUENA 975','ORELLANA, JEREMIAS NAHUEL' );
INSERT INTO cliente VALUES (16290752,34,'LAGUNITA 254','ROLDAN, ANALIA VALERIA' );
INSERT INTO cliente VALUES (16318753,33,'MOLINARI 1501','REINOSO, ALICIA DELIA' );
INSERT INTO cliente VALUES (16391804,32,'HOSPITAL 185','SUAREZ, DEBORA ANALIA' );
INSERT INTO cliente VALUES (16460835,31,'PIEDRABUENA 1119','CIFUENTES, ABRIL JULIETA' );
INSERT INTO cliente VALUES (16477752,30,'HOSPITAL 196','ZARATE, MERCEDES YOLANDA' );
INSERT INTO cliente VALUES (16693728,29,'PUEYRREDON 1225','VASQUEZ, VIVIANA ANDREA' );
INSERT INTO cliente VALUES (16838827,28,'COMISARIA 1064','SALINAS, SANTIAGO BRUNO' );
INSERT INTO cliente VALUES (17093693,27,'FLORENCIO 1107','RUBILAR, CRISTINA GABRIELA' );
INSERT INTO cliente VALUES (17131832,26,'MISIONES 659','AGUILERA, PATRICIA ELENA' );
INSERT INTO cliente VALUES (17310765,25,'CAMBACERES 1273','MONTECINO, VERONICA ELIANA' );
INSERT INTO cliente VALUES (17362009,24,'CUSHAMEN 382','RIVAS, MAXIMILIANO SEGUNDO' );
INSERT INTO cliente VALUES (17557360,23,'CHACABUCO 996','SAAVEDRA, JULIO RUBEN' );
INSERT INTO cliente VALUES (17633303,22,'MISIONES 242','MENDEZ, LUCIANA TERESA' );
INSERT INTO cliente VALUES (17644082,21,'AZOPARDO 32','SUAREZ, GLADYS CECILIA' );
INSERT INTO cliente VALUES (17738271,20,'RECONQUISTA 771','MARQUEZ, CATALINA GRISELDA' );
INSERT INTO cliente VALUES (17857444,19,'HIPOLITO 358','OVIEDO, AMELIA ANGELICA' );
INSERT INTO cliente VALUES (18009563,18,'CASTELLI 22','BARRIONUEVO, MAXIMO CRISTIAN' );
INSERT INTO cliente VALUES (18042035,17,'CALAFATE 736','TRONCOSO, MARIA MARTA' );
INSERT INTO cliente VALUES (18066572,16,'CONDARCO 468','AVILA, LILIANA ELIZABETH' );
INSERT INTO cliente VALUES (18183807,14,'COLOMBIA 1395','VALLEJOS, SILVIA SILVINA' );
INSERT INTO cliente VALUES (18622611,15,'GRANADEROS 1157','JONES, VALERIA CAROLINA' );
INSERT INTO cliente VALUES (18688103,13,'GRANADEROS 73','ACUNA, FERNANDO NICOLAS' );
INSERT INTO cliente VALUES (18708314,12,'LIBERTAD 1220','ROSSI, MARTA JULIETA' );
INSERT INTO cliente VALUES (18713056,11,'VIAMONTE 1337','ALVARADO, MONICA PAULA' );
INSERT INTO cliente VALUES (18723854,10,'MOLINARI 80','AVILA, GRACIELA LUISA' );
INSERT INTO cliente VALUES (18765382,9,'EMBARCACION 949','RIQUELME, HAYDEE YAMILA' );
INSERT INTO cliente VALUES (20236807,8,'SARGENTO 1401','MARTINEZ, ERNESTO JULIAN' );
INSERT INTO cliente VALUES (20380207,7,'ESCALADA 1042','OTERO, PAMELA JULIA' );
INSERT INTO cliente VALUES (20589603,6,'AZOPARDO 1038','VILLARROEL, FABIANA IVANA' );
INSERT INTO cliente VALUES (20755802,5,'CONDARCO 393','ALTAMIRANO, NICOLAS DAMIAN' );
INSERT INTO cliente VALUES (20843520,4,'CASTELLI 1262','RODRIGUEZ, NELSON EMILIO' );
INSERT INTO cliente VALUES (21000637,3,'MALASPINA 680','CARDOZO, THIAGO GONZALO' );
INSERT INTO cliente VALUES (21125869,2,'CEFERINO 283','GALVAN, PEDRO LUCIANO' );
INSERT INTO cliente VALUES (21354364,1,'OLAVARRIA 1092','RODRIGUEZ, FRANCO FABIAN' );
INSERT INTO cliente VALUES (21354473,2,'CONDARCO 1263','OYARZUN, VANESA JUANA' );
INSERT INTO cliente VALUES (21354583,3,'IRIGOYEN 62','MORON, AMELIA MORENA' );
INSERT INTO cliente VALUES (21380959,4,'YRIGOYEN 1497','SOLIS, MICAELA GLORIA' );
INSERT INTO cliente VALUES (21388787,5,'AZOPARDO 1139','OJEDA, JESUS ENRIQUE' );
INSERT INTO cliente VALUES (21484616,6,'TRIUNVIRATO 686','ZALAZAR, RAQUEL DANIELA' );
INSERT INTO cliente VALUES (21520741,7,'CORCOVADO 961','WILLIAMS, GRACIELA MARGARITA' );
INSERT INTO cliente VALUES (21520888,8,'DIAGONAL 237','ZAPATA, ALEXIS RAFAEL' );
INSERT INTO cliente VALUES (21547810,9,'CHACABUCO 485','NAVARRETE, SOFIA MERCEDES' );
INSERT INTO cliente VALUES (21661115,10,'COMODORO 152','IGLESIAS, HILDA DIANA' );
INSERT INTO cliente VALUES (21959148,NULL,'CUSHAMEN 1050','LAGOS, CARMEN MARTA' );
INSERT INTO cliente VALUES (21975911,NULL,'CHACABUCO 123','SANTANA, MELISA MABEL' );
INSERT INTO cliente VALUES (22009969,11,'VIAMONTE 1052','TORRES, EMILIANO JORGE' );
INSERT INTO cliente VALUES (22255667,12,'EMBARCACION 1392','REYES, VIVIANA ABRIL' );
INSERT INTO cliente VALUES (22260510,13,'OLAVARRIA 1022','VIDELA, LUCIANA ZULMA' );
INSERT INTO cliente VALUES (22260582,14,'CANGALLO 939','PAREDES, MAIRA ANDREA' );
INSERT INTO cliente VALUES (22272938,15,'CORCOVADO 1390','SANTILLAN, GRACIELA AGUSTINA' );
INSERT INTO cliente VALUES (22315037,16,'MOLINARI 476','ARANDA, DAVID ERNESTO' );
INSERT INTO cliente VALUES (22509074,17,'ALEJANDRO 618','SUAREZ, VIRGINIA DANIELA' );
INSERT INTO cliente VALUES (22632443,18,'GRANADEROS 982','ACUNA, CINTIA MIRIAM' );
INSERT INTO cliente VALUES (22682149,19,'CONGRESO 491','POBLETE, GERMAN MARTIN' );
INSERT INTO cliente VALUES (22758135,20,'CONDARCO 506','ALONSO, DAMIAN PATRICIO' );
INSERT INTO cliente VALUES (22771937,21,'RIVADAVIA 921','GALLEGOS, STELLA LUCIANA' );
INSERT INTO cliente VALUES (22845718,22,'CONGRESO 942','SILVA, JUANA CECILIA' );
INSERT INTO cliente VALUES (22868678,23,'COMODORO 718','SUAREZ, ROCIO MARIA' );
INSERT INTO cliente VALUES (22934866,24,'RECONQUISTA 338','ACOSTA, AMALIA CRISTINA' );
INSERT INTO cliente VALUES (23032973,25,'IRIGOYEN 1283','ALBORNOZ, MILAGROS GLORIA' );
INSERT INTO cliente VALUES (23114941,26,'MORETEAU 921','AGUIRRE, RUBEN DANIEL' );
INSERT INTO cliente VALUES (23201503,27,'ZORRILLA 1042','CERDA, ARIEL FRANCISCO' );
INSERT INTO cliente VALUES (23574119,28,'MISIONES 579','MONTENEGRO, FERNANDA MARGARITA' );
INSERT INTO cliente VALUES (23634246,29,'CEFERINO 662','GODOY, DOMINGO ENRIQUE' );
INSERT INTO cliente VALUES (23635517,30,'GRANADEROS 105','MARTIN, MARTHA CARLA' );
INSERT INTO cliente VALUES (23662072,31,'TRIUNVIRATO 637','FERNANDEZ, JOHANA FABIANA' );
INSERT INTO cliente VALUES (23666310,32,'CHACABUCO 923','BARRIA, DAIANA MELINA' );
INSERT INTO cliente VALUES (23885442,33,'CARRASCO 443','NUNEZ, SONIA CARLA' );
INSERT INTO cliente VALUES (23919247,34,'DIAGONAL 71','AMADO, FERNANDO LUCAS' );
INSERT INTO cliente VALUES (23947581,25,'TENIENTE 1043','CHAVEZ, CYNTHIA CATALINA' );
INSERT INTO cliente VALUES (24078672,31,'FRANCISCO 953','REYNOSO, IRENE IVANA' );
INSERT INTO cliente VALUES (24191485,NULL,'MALVINAS 1498','SOLIS, VIVIANA MIRIAM' );
INSERT INTO cliente VALUES (24245687,1,'PATAGONIA 1261','QUINTANA, CLAUDIO VICTOR' );
INSERT INTO cliente VALUES (24262980,2,'FEDERICCI 770','CERDA, CECILIA CARINA' );
INSERT INTO cliente VALUES (24337358,3,'CENTENARIO 1228','ALVAREZ, VANESA MARISA' );
INSERT INTO cliente VALUES (24584671,4,'GOBERNADOR 1405','ROSALES, CECILIA MARTA' );
INSERT INTO cliente VALUES (24811014,5,'CATAMARCA 1493','ABRAHAM, LILIANA MAIRA' );
INSERT INTO cliente VALUES (24973209,6,'CARRASCO 278','AGUERO, NOELIA NATALIA' );
INSERT INTO cliente VALUES (25065608,7,'HUMPHREYS 909','IBARRA, FLAVIA CANDELA' );
INSERT INTO cliente VALUES (25074116,8,'TRIUNVIRATO 1109','SALAZAR, MARIO JORGE' );
INSERT INTO cliente VALUES (25082880,9,'CAMBACERES 1162','RIVERA, NOEMI SILVANA' );
INSERT INTO cliente VALUES (25104963,10,'FRANCISCO 607','MIRANDA, KAREN MARIELA' );
INSERT INTO cliente VALUES (25521095,11,'PIEDRABUENA 309','ACOSTA, LUCIA YOLANDA' );
INSERT INTO cliente VALUES (25619736,12,'FRANCISCO 1112','CASANOVA, SERGIO WALTER' );
INSERT INTO cliente VALUES (25656776,13,'HUMPHREYS 922','MIGUEL, SERGIO NAHUEL' );
INSERT INTO cliente VALUES (25710776,14,'HOSPITAL 967','HEREDIA, SERGIO GUILLERMO' );
INSERT INTO cliente VALUES (25722341,15,'ZORRILLA 814','CARRASCO, EDITH LILIANA' );
INSERT INTO cliente VALUES (25724653,16,'ALEJANDRO 1450','RIVAS, MATIAS MARCELO' );
INSERT INTO cliente VALUES (25962482,17,'RIFLEROS 200','LINARES, HERNAN EMANUEL' );
INSERT INTO cliente VALUES (25974398,18,'PATAGONIA 704','ALARCON, ALDANA MARIANELA' );
INSERT INTO cliente VALUES (25974493,19,'REMENTERIA 1091','CONTRERAS, PAOLA SILVANA' );
INSERT INTO cliente VALUES (26067209,20,'CEFERINO 444','ACEVEDO, ANGEL NORBERTO' );
INSERT INTO cliente VALUES (26067848,21,'ESCALADA 846','RIQUELME, PAOLA KAREN' );
INSERT INTO cliente VALUES (26128485,22,'CONDARCO 929','ESCOBAR, PAOLA NOEMI' );
INSERT INTO cliente VALUES (26344117,23,'CANGALLO 1058','MORALES, CLAUDIA LIDIA' );
INSERT INTO cliente VALUES (26344553,24,'ARISTOBULO 863','CHAVEZ, VICENTE HORACIO' );
INSERT INTO cliente VALUES (26498492,25,'TENIENTE 343','OYARZO, AGUSTINA VALERIA' );
INSERT INTO cliente VALUES (12592798,26,'CHACABUCO 1427','ROJAS, FERNANDO NICOLAS' );
INSERT INTO cliente VALUES (26617023,27,'GRANADEROS 1083','VASQUEZ, FABIAN JAVIER' );
INSERT INTO cliente VALUES (26617352,28,'AZOPARDO 856','MARTINEZ, DAIANA JULIA' );
INSERT INTO cliente VALUES (26727356,29,'ARENALES 766','VIDAL, NORBERTO MAXIMO' );
INSERT INTO cliente VALUES (26789012,30,'TENIENTE 780','EVANS, JORGE GONZALO' );
INSERT INTO cliente VALUES (26813471,31,'MOLINARI 1189','CASTILLO, GRISELDA BARBARA' );
INSERT INTO cliente VALUES (26976682,32,'TEHUELCHES 361','ALTAMIRANO, MARTHA STELLA' );
INSERT INTO cliente VALUES (27020318,34,'ESCALADA 1012','PRIETO, CECILIA JULIA' );
INSERT INTO cliente VALUES (27092324,25,'COMODORO 875','SANTILLAN, ADRIANA NOEMI' );
INSERT INTO cliente VALUES (27109463,31,'PUEYRREDON 615','VALENZUELA, LUCIA YOLANDA' );
INSERT INTO cliente VALUES (27198235,30,'RECONQUISTA 1115','NUNEZ, DEBORA ELIDA' );
INSERT INTO cliente VALUES (27230654,25,'LIBERTAD 714','DURAN, WALTER SANTIAGO' );
INSERT INTO cliente VALUES (27407624,34,'CUSHAMEN 362','GOMEZ, RAMIRO SANTIAGO' );
INSERT INTO cliente VALUES (27567730,33,'HIPOLITO 320','SEPULVEDA, ALDANA MARTHA' );
INSERT INTO cliente VALUES (27699095,32,'LAGUNITA 1438','GUTIERREZ, NOELIA GABRIELA' );
INSERT INTO cliente VALUES (27975068,31,'GOBERNADOR 1391','ESCOBAR, MARIELA ALICIA' );
INSERT INTO cliente VALUES (28019631,30,'IRIGOYEN 1126','HUGHES, MARIANO LAUTARO' );
INSERT INTO cliente VALUES (28021468,29,'MALASPINA 685','MARIN, LIDIA CARLA' );
INSERT INTO cliente VALUES (28390277,28,'HOSPITAL 1093','OTERO, ISABEL ELENA' );
INSERT INTO cliente VALUES (28539502,27,'OLAVARRIA 1261','CALVO, SUSANA EDITH' );
INSERT INTO cliente VALUES (28682368,26,'VIAMONTE 413','ROBERTS, GERMAN ENRIQUE' );
INSERT INTO cliente VALUES (28694609,25,'CENTENARIO 672','ALVAREZ, EZEQUIEL LUCAS' );
INSERT INTO cliente VALUES (28792335,24,'CAMBACERES 305','OJEDA, GRACIELA MIRTA' );
INSERT INTO cliente VALUES (28870063,23,'ARISTOBULO 677','BARRIONUEVO, PATRICIA KAREN' );
INSERT INTO cliente VALUES (28960268,22,'HIPOLITO 1493','CACERES, GABRIEL RODRIGO' );
INSERT INTO cliente VALUES (29035220,21,'CATAMARCA 388','AVILES, BRENDA ALEJANDRA' );
INSERT INTO cliente VALUES (29037337,20,'OLAVARRIA 886','CABRAL, HECTOR NESTOR' );
INSERT INTO cliente VALUES (29061437,19,'CAMBACERES 917','PEREZ, LORENA MACARENA' );
INSERT INTO cliente VALUES (29066567,18,'AZOPARDO 1474','VALENZUELA, ARIANA ELIZABETH' );
INSERT INTO cliente VALUES (29115630,17,'MORETEAU 966','VIDELA, GLORIA ROXANA' );
INSERT INTO cliente VALUES (29117414,16,'PIETROBELLI 808','ORTIZ, HORACIO ALBERTO' );
INSERT INTO cliente VALUES (29141470,15,'PECORARO 1282','OVIEDO, ELVIRA MARINA' );
INSERT INTO cliente VALUES (29239214,14,'GOBERNADOR 1158','VALLEJOS, ISABEL CINTIA' );
INSERT INTO cliente VALUES (29239850,13,'CATAMARCA 1316','MIRANDA, LUCIA HAYDEE' );
INSERT INTO cliente VALUES (29260155,12,'GREGORIO 580','AZOCAR, CRISTINA VICTORIA' );
INSERT INTO cliente VALUES (29307624,11,'CAMBACERES 1436','ALVAREZ, NELIDA CATALINA' );
INSERT INTO cliente VALUES (29342594,10,'TRIUNVIRATO 610','ROBLEDO, NOEMI SILVANA' );
INSERT INTO cliente VALUES (29398998,9,'PUEYRREDON 895','SANTOS, NESTOR THIAGO' );
INSERT INTO cliente VALUES (29528923,8,'HIPOLITO 539','LEDESMA, VICENTE JONATHAN' );
INSERT INTO cliente VALUES (29545621,7,'COMODORO 82','MORAGA, DAVID GERARDO' );
INSERT INTO cliente VALUES (29545795,6,'ARENALES 680','QUIROGA, PABLO FRANCISCO' );
INSERT INTO cliente VALUES (29878880,5,'MALVINAS 574','BARRIONUEVO, NATALIA NELIDA' );
INSERT INTO cliente VALUES (29921988,4,'CUSHAMEN 1164','MONTENEGRO, MAXIMO GABRIEL' );
INSERT INTO cliente VALUES (29957251,3,'CEFERINO 1109','ACUNA, GONZALO FABIAN' );
INSERT INTO cliente VALUES (30008678,2,'COMISARIA 1130','SUAREZ, CINTIA ANDREA' );
INSERT INTO cliente VALUES (30041860,1,'ESCALADA 406','LEIVA, CARLA CECILIA' );
INSERT INTO cliente VALUES (30063150,NULL,'ANTARTIDA 1346','PEREIRA, NAHUEL CRISTIAN' );
INSERT INTO cliente VALUES (30088704,NULL,'CASTELLI 1272','LONCON, MELISA CLAUDIA' );
INSERT INTO cliente VALUES (30284052,1,'LAGUNITA 108','OLIVERA, FABIAN JULIO' );
INSERT INTO cliente VALUES (30519907,2,'SARMIENTO 1241','RODRIGUEZ, VICTORIA MARCELA' );
INSERT INTO cliente VALUES (30550175,3,'ALEJANDRO 1394','CABRERA, MARISA TERESA' );
INSERT INTO cliente VALUES (30550240,4,'TRIUNVIRATO 30','AGUERO, CYNTHIA TAMARA' );
INSERT INTO cliente VALUES (30550812,5,'CEFERINO 770','ORELLANA, CARINA MACARENA' );
INSERT INTO cliente VALUES (30578189,6,'PENINSULA 1051','MOLINA, ELISA IVANA' );
INSERT INTO cliente VALUES (30580269,7,'ESTIVARIZ 1359','HUGHES, LETICIA CELIA' );
INSERT INTO cliente VALUES (30801436,8,'RIFLEROS 695','ROBERTS, MARIELA MARIANA' );
INSERT INTO cliente VALUES (30859030,9,'ARENALES 1190','ARANDA, ELIDA JULIETA' );
INSERT INTO cliente VALUES (30883617,10,'CONDARCO 1021','GARCIA, JEREMIAS LUCAS' );
INSERT INTO cliente VALUES (30936707,11,'ARISTOBULO 190','GARCIA, AMELIA LUISA' );
INSERT INTO cliente VALUES (30936882,12,'COMISARIA 195','NIETO, JULIAN WALTER' );
INSERT INTO cliente VALUES (30965345,13,'RIVADAVIA 1363','ORTEGA, SERGIO GUILLERMO' );
INSERT INTO cliente VALUES (30976361,14,'CORCOVADO 186','YANEZ, GERMAN MAURO' );
INSERT INTO cliente VALUES (31117929,25,'ALBARRACIN 399','MARIN, VILMA MICAELA' );
INSERT INTO cliente VALUES (31148538,26,'CASTELLI 997','ZALAZAR, CARMEN VILMA' );
INSERT INTO cliente VALUES (31148849,27,'CENTENARIO 220','DELGADO, JUANA CAROLINA' );
INSERT INTO cliente VALUES (31243077,28,'CALAFATE 411','OJEDA, JOAQUIN ESTEBAN' );
INSERT INTO cliente VALUES (31350868,29,'IRIGOYEN 1028','SAAVEDRA, LAUTARO WALTER' );
INSERT INTO cliente VALUES (31394171,30,'FRANCISCO 51','PEREYRA, JULIETA FERNANDA' );
INSERT INTO cliente VALUES (31475483,31,'CASTELLI 567','CIFUENTES, NELSON OSCAR' );
INSERT INTO cliente VALUES (31504713,32,'GRANADEROS 1127','SAAVEDRA, KAREN JOHANA' );
INSERT INTO cliente VALUES (31587087,33,'TRIUNVIRATO 945','ALVAREZ, MAURO CRISTIAN' );
INSERT INTO cliente VALUES (31625696,34,'MISIONES 1459','LEDESMA, FACUNDO LUCIANO' );
INSERT INTO cliente VALUES (31637802,5,'CAMBACERES 5','ORTEGA, SEBASTIAN MANUEL' );
INSERT INTO cliente VALUES (31697934,33,'OLAVARRIA 247','MAYORGA, ANALIA SABRINA' );
INSERT INTO cliente VALUES (31711881,NULL,'MALASPINA 47','DOMINGUEZ, ADRIAN PABLO' );
INSERT INTO cliente VALUES (31799287,1,'AMEGHINO 150','JARAMILLO, WALTER JULIAN' );
INSERT INTO cliente VALUES (31914692,2,'FEDERICCI 1223','VIDAL, ROCIO HILDA' );
INSERT INTO cliente VALUES (31963639,3,'LIBERTAD 724','CARDENAS, SANDRA HILDA' );
INSERT INTO cliente VALUES (31985648,3,'HOSPITAL 1386','AZOCAR, LUCIANA MARIELA' );
INSERT INTO cliente VALUES (32084930,4,'OLAVARRIA 65','LINARES, MIRTHA HAYDEE' );
INSERT INTO cliente VALUES (32189328,5,'OLAVARRIA 842','VALDEZ, NADIA AMALIA' );
INSERT INTO cliente VALUES (32233569,5,'GRANADEROS 1349','VARGAS, JONATAN NORBERTO' );
INSERT INTO cliente VALUES (32388506,6,'HUMPHREYS 1470','SANTOS, MILAGROS ABRIL' );
INSERT INTO cliente VALUES (32429147,7,'CAMBACERES 1023','RIVAS, STELLA MARIANELA' );
INSERT INTO cliente VALUES (32650030,8,'OLAVARRIA 1366','LEIVA, MARTIN ALEXIS' );
INSERT INTO cliente VALUES (32697667,9,'TRIUNVIRATO 788','PALACIOS, ANGELICA AMALIA' );
INSERT INTO cliente VALUES (32720290,10,'MORETEAU 55','MONTERO, MARTA DIANA' );
INSERT INTO cliente VALUES (32777463,11,'HUMPHREYS 60','JONES, FLAVIA FABIANA' );
INSERT INTO cliente VALUES (32893019,12,'MOLINARI 1008','GALVAN, LAURA MILAGROS' );
INSERT INTO cliente VALUES (32954311,13,'YRIGOYEN 886','GODOY, GERARDO JULIAN' );
INSERT INTO cliente VALUES (33039280,14,'MALASPINA 182','VALLEJOS, CINTIA VILMA' );
INSERT INTO cliente VALUES (33185278,15,'ARISTOBULO 839','ALVARADO, CLARA LAURA' );
INSERT INTO cliente VALUES (33280222,16,'MORETEAU 668','JONES, SANTIAGO LEONARDO' );
INSERT INTO cliente VALUES (33316018,17,'YRIGOYEN 657','MARTIN, RUBEN ADRIAN' );
INSERT INTO cliente VALUES (42812702,18,'FRANCISCO 1231','FERNANDEZ, LUISA NILDA' );
INSERT INTO cliente VALUES (44222143,19,'CANGALLO 644','GALLEGOS, CLAUDIA YAMILA' );
INSERT INTO cliente VALUES (46313141,20,'COMODORO 143','EVANS, MELINA SILVANA' );
INSERT INTO cliente VALUES (60591364,21,'ESTIVARIZ 1144','GALVAN, ROXANA RAQUEL' );
INSERT INTO cliente VALUES (64940217,22,'ESCALADA 803','FREEMAN, GUSTAVO JAVIER' );
INSERT INTO cliente VALUES (73124511,23,'GREGORIO 1037','FERREYRA, ELISA HILDA' );
INSERT INTO cliente VALUES (73145832,24,'PENINSULA 881','GARCIA, AMALIA VILMA' );
INSERT INTO cliente VALUES (73157847,25,'CATAMARCA 420','CRESPO, TERESA MARIANA' );
INSERT INTO cliente VALUES (78188882,26,'IRIGOYEN 576','GALLEGOS, TAMARA BRENDA' );
INSERT INTO cliente VALUES (89345995,27,'RIFLEROS 193','GARAY, DANIELA MARISA' );
INSERT INTO cliente VALUES (10147165,28,'CORCOVADO 1243','GAJARDO, SILVIA ELIDA' );
INSERT INTO cliente VALUES (10561299,29,'INGENIERO 488','GEREZ, NOELIA CARLA' );
INSERT INTO cliente VALUES (10800752,30,'ESTIVARIZ 1430','FERNANDEZ, YANINA SABRINA' );
INSERT INTO cliente VALUES (11862214,29,'GOBERNADOR 331','CORDOBA, SILVANA CINTIA' );
INSERT INTO cliente VALUES (14075788,28,'CONGRESO 879','GARAY, HAYDEE CRISTINA' );
INSERT INTO cliente VALUES (16317088,27,'PATAGONIA 1314','FUENTES, CARLA MABEL' );
INSERT INTO cliente VALUES (18443699,26,'MORETEAU 495','FERNANDEZ, STELLA JESSICA' );
INSERT INTO cliente VALUES (18626751,25,'TRIUNVIRATO 149','FRANCO, OSCAR JULIO' );
INSERT INTO cliente VALUES (20139094,24,'CONDARCO 678','FERREYRA, VIRGINIA ABRIL' );
INSERT INTO cliente VALUES (21354657,23,'FEDERICCI 854','FERNANDEZ, SANDRA BEATRIZ' );
INSERT INTO cliente VALUES (22868616,22,'RIFLEROS 1364','FUENTEALBA, ERICA NILDA' );
INSERT INTO cliente VALUES (30517538,21,'CAMBACERES 975','GALLEGOS, ROMINA BRENDA' );
INSERT INTO cliente VALUES (32220094,NULL,'HIPOLITO 944','GARCIA, CAMILA ELIZABETH' );
INSERT INTO cliente VALUES (33316071,19,'COLOMBIA 706','GONZALEZ, FERNANDO MATIAS' );
INSERT INTO cliente VALUES (33345183,18,'HIPOLITO 757','ALTAMIRANO, CAROLINA LETICIA' );
INSERT INTO cliente VALUES (33345365,17,'ARISTOBULO 1352','URIBE, MACARENA PAOLA' );
INSERT INTO cliente VALUES (33355138,16,'EMBARCACION 392','NAHUELQUIR, SABRINA JULIA' );
INSERT INTO cliente VALUES (33392509,15,'ESCALADA 268','ALMONACID, MELINA ABRIL' );
INSERT INTO cliente VALUES (33392529,14,'CUSHAMEN 1117','LONCON, RAMIRO MAURO' );
INSERT INTO cliente VALUES (33529182,13,'ZORRILLA 782','HUGHES, NELIDA LILIANA' );
INSERT INTO cliente VALUES (33574918,12,'INGENIERO 937','CIFUENTES, CATALINA MORENA' );
INSERT INTO cliente VALUES (33771791,11,'ARISTOBULO 824','ZARATE, RAFAEL NORBERTO' );
INSERT INTO cliente VALUES (33771876,10,'SARMIENTO 463','BRAVO, DAIANA CLAUDIA' );
INSERT INTO cliente VALUES (33772202,9,'PIEDRABUENA 200','CALDERON, VALENTINA CARMEN' );
INSERT INTO cliente VALUES (33793261,8,'MALVINAS 269','QUINTANA, CARMEN FLORENCIA' );
INSERT INTO cliente VALUES (33946796,7,'CONGRESO 91','RIVAS, AGUSTIN MAXIMO' );
INSERT INTO cliente VALUES (34087350,6,'HOSPITAL 1063','HUENELAF, MARCELO CARLOS' );
INSERT INTO cliente VALUES (34144920,5,'SARMIENTO 127','IBANEZ, MELISA LUCIA' );
INSERT INTO cliente VALUES (34486653,4,'RIVADAVIA 1263','OYARZUN, CARLOS RAMIRO' );
INSERT INTO cliente VALUES (34488624,3,'CARRASCO 601','SANTANDER, CINTIA NANCY' );
INSERT INTO cliente VALUES (34488766,2,'TREVELIN 228','ALBORNOZ, SABRINA ABRIL' );
INSERT INTO cliente VALUES (34621905,1,'GRANADEROS 158','BRUNT, MAXIMO GABRIEL' );
INSERT INTO cliente VALUES (34663788,33,'PIEDRABUENA 1328','ACOSTA, VIVIANA ELVIRA' );
INSERT INTO cliente VALUES (34664242,31,'MALASPINA 589','LINARES, BRENDA LUCIANA' );
INSERT INTO cliente VALUES (34784310,34,'AZOPARDO 642','NIETO, ELIANA MIRIAM' );
INSERT INTO cliente VALUES (34967321,33,'IRIGOYEN 286','IBARRA, FRANCISCO ROBERTO' );
INSERT INTO cliente VALUES (35002167,32,'COMODORO 102','ZALAZAR, EDGARDO RUBEN' );
INSERT INTO cliente VALUES (35030083,31,'MALVINAS 1306','ROSALES, MAURO RAMON' );
INSERT INTO cliente VALUES (35099369,30,'ESTIVARIZ 1317','MONTENEGRO, JULIA MARIELA' );
INSERT INTO cliente VALUES (35171950,29,'PATAGONIA 1209','FERREYRA, JORGE NORBERTO' );
INSERT INTO cliente VALUES (35172838,28,'CATAMARCA 1169','VELASQUEZ, MARIELA ANGELICA' );
INSERT INTO cliente VALUES (35172890,27,'IRIGOYEN 802','NUNEZ, NATALIA MARCELA' );
INSERT INTO cliente VALUES (35218837,26,'CENTENARIO 989','PAREDES, CARLOS RUBEN' ); 
INSERT INTO cliente VALUES (35381482,25,'FRANCISCO 939','GOMEZ, MELISA LUISA' ); 
INSERT INTO cliente VALUES (35382454,24,'EMBARCACION 429','GEREZ, OSVALDO ROBERTO' ); 
INSERT INTO cliente VALUES (35547077,23,'ZORRILLA 287','ROMERO, MARISA NATALIA' );
INSERT INTO cliente VALUES (35659069,22,'ARENALES 1298','GARCIA, IVANA PATRICIA' );
INSERT INTO cliente VALUES (35659086,21,'RIFLEROS 114','POBLETE, ALEJANDRO CESAR' );
INSERT INTO cliente VALUES (35712808,20,'CAMBACERES 214','BARRIOS, ANDREA FABIANA' ); 
INSERT INTO cliente VALUES (35774554,19,'LAGUNITA 1076','REINOSO, LAUTARO EMANUEL' );
INSERT INTO cliente VALUES (35887357,18,'YRIGOYEN 586','JONES, ROCIO ANGELA' );
INSERT INTO cliente VALUES (35887499,17,'LAGUNITA 544','YANEZ, TOMAS ALEJANDRO' );
INSERT INTO cliente VALUES (35887854,16,'ESCALADA 126','ZARATE, SANTIAGO LEONARDO' );
INSERT INTO cliente VALUES (35888484,15,'RIVADAVIA 1494','OVIEDO, RAQUEL STELLA' );
INSERT INTO cliente VALUES (35889336,14,'HIPOLITO 28','VILLALBA, ROSANA CARINA' );
INSERT INTO cliente VALUES (35889531,13,'ZORRILLA 1361','LAGOS, EDITH MILAGROS' );
INSERT INTO cliente VALUES (35889600,12,'CEFERINO 1249','CATALAN, FABIANA LORENA' );
INSERT INTO cliente VALUES (20419561,11,'ESCALADA 230','MACHADO, ROBERTO MARIANO' );
INSERT INTO cliente VALUES (42208039,10,'RECONQUISTA 430','MANRIQUEZ, MARIANA ABRIL' );
INSERT INTO cliente VALUES (44636442,9,'EMBARCACION 1482','LEIVA, MARIA BLANCA' );
INSERT INTO cliente VALUES (54643524,8,'MALASPINA 700','MANSILLA, MARCELA YOLANDA' );
INSERT INTO cliente VALUES (73147665,7,'COMISARIA 217','JAMES, MARISA BARBARA' );
INSERT INTO cliente VALUES (73269745,6,'ESCALADA 170','PERALTA, AGUSTIN HERNAN' );
INSERT INTO cliente VALUES (13391100,5,'PIEDRABUENA 452','GONZALEZ, SONIA MARTA' );
INSERT INTO cliente VALUES (16391835,4,'RECONQUISTA 996','LORENZO, RAQUEL NADIA' );
INSERT INTO cliente VALUES (16867375,3,'CONGRESO 1043','MAYORGA, LEANDRO GERARDO' );
INSERT INTO cliente VALUES (17517077,2,'FRANCISCO 755','HUENELAF, MABEL SILVINA' );
INSERT INTO cliente VALUES (22292478,1,'CUSHAMEN 592','PACHECO, VIVIANA NOELIA' );
INSERT INTO cliente VALUES (22418346,6,'IRIGOYEN 1102','LONCON, MICAELA NOELIA' );
INSERT INTO cliente VALUES (23201953,29,'TEHUELCHES 24','HERNANDEZ, MIRTHA IRENE' );
INSERT INTO cliente VALUES (23382303,34,'ARISTOBULO 846','PAREDES, YAMILA SABRINA' );
INSERT INTO cliente VALUES (24133290,33,'RIVADAVIA 177','PAREDES, MARCOS SEBASTIAN' );
INSERT INTO cliente VALUES (25335421,32,'ARENALES 1293','JONES, RICARDO LEONARDO' );
INSERT INTO cliente VALUES (25442704,31,'HOSPITAL 519','PACHECO, MARCOS DIEGO' );
INSERT INTO cliente VALUES (26742667,30,'HIPOLITO 862','MANRIQUE, DELIA CECILIA' );
INSERT INTO cliente VALUES (26952000,29,'FRANCISCO 693','PAZOS, PAOLA HAYDEE' );
INSERT INTO cliente VALUES (27975053,28,'ANTARTIDA 1408','PEREIRA, GUADALUPE JUANA' );
INSERT INTO cliente VALUES (28482229,27,'AZOPARDO 803','GUERRERO, PATRICIA ALDANA' );
INSERT INTO cliente VALUES (29115605,26,'CONDARCO 1082','MANRIQUE, MARIANA MERCEDES' );
INSERT INTO cliente VALUES (30811435,25,'FEDERICCI 502','LOPEZ, SUSANA VICTORIA' );
INSERT INTO cliente VALUES (32923291,24,'CHACABUCO 1468','MARQUEZ, GISELA GRISELDA' );
INSERT INTO cliente VALUES (33059038,23,'PATAGONIA 367','MARQUEZ, LIDIA CAROLINA' );
INSERT INTO cliente VALUES (33392717,22,'MALVINAS 1378','JAMES, CAMILA GISELA' );
INSERT INTO cliente VALUES (33775224,21,'CONGRESO 376','MEDINA, VICTOR CESAR' );
INSERT INTO cliente VALUES (33952437,20,'CORCOVADO 73','PERALTA, DIANA SONIA' );
INSERT INTO cliente VALUES (35047249,19,'CHACABUCO 753','GUERRERO, FABIAN ALEXIS' );
INSERT INTO cliente VALUES (35889868,18,'RIFLEROS 1028','HEREDIA, ANDRES FELIX' );
INSERT INTO cliente VALUES (36181720,17,'CENTENARIO 518','IGLESIAS, GLADIS ERICA' );
INSERT INTO cliente VALUES (36212878,16,'ARISTOBULO 1168','SORIA, BRIAN RUBEN' );
INSERT INTO cliente VALUES (36212891,15,'CEFERINO 1248','HERNANDEZ, DELIA JOHANA' );
INSERT INTO cliente VALUES (36320922,14,'EMBARCACION 72','GALLARDO, MELINA NANCY' );
INSERT INTO cliente VALUES (36321774,13,'PELLEGRINI 618','ACEVEDO, RAFAEL MIGUEL' );
INSERT INTO cliente VALUES (36321864,12,'ZORRILLA 20','GRIFFITHS, DAIANA CLARA' );
INSERT INTO cliente VALUES (36322082,11,'CHACABUCO 1127','QUINTANA, HECTOR DAMIAN' );
INSERT INTO cliente VALUES (36322225,10,'COMISARIA 230','ROSSI, YANINA DAIANA' );
INSERT INTO cliente VALUES (36334179,9,'CARRASCO 356','OLIVA, VICTORIA LUISA' );
INSERT INTO cliente VALUES (36393277,8,'SARMIENTO 803','CAMPOS, AGOSTINA VANESA' );
INSERT INTO cliente VALUES (36393283,7,'CEFERINO 252','EVANS, GRACIELA ELIANA' );
INSERT INTO cliente VALUES (36494625,6,'ZORRILLA 1453','CALDERON, MIRIAM LORENA' );
INSERT INTO cliente VALUES (36580201,5,'IRIGOYEN 1156','GUTIERREZ, RAMON JOAQUIN' );
INSERT INTO cliente VALUES (36647874,4,'RIFLEROS 925','CIFUENTES, JONATHAN VICTOR' );
INSERT INTO cliente VALUES (36650575,3,'MOLINARI 994','GONZALEZ, RAFAEL EMILIANO' );
INSERT INTO cliente VALUES (36650693,2,'MALVINAS 1246','GOMEZ, ROXANA LUCIINSERT' );
INSERT INTO cliente VALUES (36650982,1,'EMBARCACION 1174','ALVAREZ, SILVIA CARLA' );
INSERT INTO cliente VALUES (36718873,2,'RECONQUISTA 713','EVANS, MARIO EMILIO' );
INSERT INTO cliente VALUES (36719465,3,'YRIGOYEN 383','GUZMAN, ALDANA IRENE' );
INSERT INTO cliente VALUES (36757164,30,'CASTELLI 1193','BARRERA, DELIA VANESA' );
INSERT INTO cliente VALUES (36757264,29,'LAGUNITA 1333','CASTRO, MONICA CAROLINA' );
INSERT INTO cliente VALUES (36757407,NULL,'HOSPITAL 104','ALTAMIRANO, IVANA LORENA' );
INSERT INTO cliente VALUES (37006500,16,'PIEDRABUENA 572','RUBILAR, OSCAR CLAUDIO' );
INSERT INTO cliente VALUES (37067840,9,'TRIUNVIRATO 1213','AVILES, LAURA MONICA' );
INSERT INTO cliente VALUES (37068029,11,'COMISARIA 761','GIMENEZ, KAREN RAQUEL' );
INSERT INTO cliente VALUES (37068721,21,'CEFERINO 824','SALAZAR, LUCIANA CARMEN' );
INSERT INTO cliente VALUES (37069026,34,'ARISTOBULO 488','JARAMILLO, VICTORIA CANDELA' );
INSERT INTO cliente VALUES (37147949,31,'RIVADAVIA 488','PERALTA, YAMILA LORENA' );
INSERT INTO cliente VALUES (37147984,24,'CHACABUCO 985','SALDIVIA, CESAR HERNAN' );
INSERT INTO cliente VALUES (26787500,1,'OLAVARRIA 1360','BENITEZ, DIANA YANINA' );

INSERT INTO producto VALUES ('H', 234, 'MARTILLO', 160.00);
INSERT INTO producto VALUES ('M', 234, 'LADRILLO', 17.00);
INSERT INTO producto VALUES ('H', 123, 'PALA', 89.00);
INSERT INTO producto VALUES ('H', 657, 'UÑA', 70.00);
INSERT INTO producto VALUES ('H', 34, 'MAZA', 120.00);
INSERT INTO producto VALUES ('H', 987, 'DESTORNILLADOR PALETA', 32.00);
INSERT INTO producto VALUES ('H', 45, 'CINTA METRICA', 67.00);
INSERT INTO producto VALUES ('H', 23, 'TALADRO', 460.00);
INSERT INTO producto VALUES ('H', 456, 'LLAVE INGLESA', 50.00);
INSERT INTO producto VALUES ('H', 12, 'NIVEL', 90.00);
INSERT INTO producto VALUES ('H', 145, 'PINZA', 123.00);
INSERT INTO producto VALUES ('H', 678, 'SIERRA DE MANO', 99.00);
INSERT INTO producto VALUES ('H', 846, 'CINCEL', 60.00);
INSERT INTO producto VALUES ('H', 243, 'TENAZA', 40.00);
INSERT INTO producto VALUES ('H', 222, 'REMACHADORA', 280.00);
INSERT INTO producto VALUES ('H', 212, 'PUNZON', 110.00);
INSERT INTO producto VALUES ('H', 841, 'ALCATE', 39.99);
INSERT INTO producto VALUES ('H', 398, 'BROCHA', 79.00);
INSERT INTO producto VALUES ('H', 543, 'LIMA', 23.00);
INSERT INTO producto VALUES ('H', 143, 'POLIPASTO', 360.00);
INSERT INTO producto VALUES ('H', 513, 'TIJERA', 19.00);
INSERT INTO producto VALUES ('H', 32, 'TORNILO DE BANCO', 345.99);
INSERT INTO producto VALUES ('H', 87, 'ESCUADRA 40', 80.00);
INSERT INTO producto VALUES ('H', 99, 'GONIOMETRO', 176.00);
INSERT INTO producto VALUES ('H', 199, 'MICROMETRO', 199.99);
INSERT INTO producto VALUES ('H', 348, 'CALIBRE', 83.00);
INSERT INTO producto VALUES ('H', 126, 'REGLA GRADUADA', 70.00);
INSERT INTO producto VALUES ('M', 123, 'ARENA X M3', 471.00);
INSERT INTO producto VALUES ('M', 657, 'BLOQUE PARA MURO 9X19X39', 17.00);
INSERT INTO producto VALUES ('M', 34, 'CAL AEREA EL MILAGRO X 25', 116.00);
INSERT INTO producto VALUES ('M', 987, 'CEMENTO COMODORO', 132.00);
INSERT INTO producto VALUES ('M', 45, 'CERESITA DE TAMBOR X 200KG', 1543.00);
INSERT INTO producto VALUES ('M', 23, 'ALAMBRE DE FARDO X KG', 35.00);
INSERT INTO producto VALUES ('M', 456, 'ALAMBROL X KG', 32.00);
INSERT INTO producto VALUES ('M', 12, 'HIERRO ALETADO 4 MM', 28.00);
INSERT INTO producto VALUES ('M', 145, 'HIERRO ALETADO 8 MM', 107.00);
INSERT INTO producto VALUES ('M', 678, 'HIERRO ALETADO 10 MM', 167.00);
INSERT INTO producto VALUES ('M', 846, 'HIERRO ALETADO 20 MM', 664.00);
INSERT INTO producto VALUES ('M', 243, 'HIERRO ALETADO 25 MM', 1002.00);
INSERT INTO producto VALUES ('M', 222, 'MAYA CIMA 15 X 15 4 MM', 639.00);
INSERT INTO producto VALUES ('M', 212, 'LADRILLO DE TECHO ', 18.00);
INSERT INTO producto VALUES ('M', 841, 'LADRILLO HUECO', 11.99);
INSERT INTO producto VALUES ('M', 398, 'LADRILLO PORTANTE', 17.00);
INSERT INTO producto VALUES ('M', 543, 'YESO PREMEZCLADO', 174.00);
INSERT INTO producto VALUES ('M', 143, 'YESO TUYANGO', 146.00);
INSERT INTO producto VALUES ('M', 513, 'YESO PROYECTABLE', 161.00);
INSERT INTO producto VALUES ('M', 32, 'TORNILO DE BANCO', 345.99);


INSERT INTO venta (cliente, tipo_producto, codigo_producto, cantidad) VALUES  ( 25230298,'H', 234, 12 );
INSERT INTO venta (cliente, tipo_producto, codigo_producto, cantidad) VALUES  ( 34567890,'M', 234, 2 );
INSERT INTO venta (cliente, tipo_producto, codigo_producto, cantidad) VALUES  ( 27109463,'H', 123, 4 );
INSERT INTO venta (cliente, tipo_producto, codigo_producto, cantidad) VALUES  ( 27198235,'H', 657, 6 );
INSERT INTO venta (cliente, tipo_producto, codigo_producto, cantidad) VALUES  ( 27198235,'H', 34, 8 );
INSERT INTO venta (cliente, tipo_producto, codigo_producto, cantidad) VALUES  ( 27230654,'H', 987, 7 );
INSERT INTO venta (cliente, tipo_producto, codigo_producto, cantidad) VALUES  ( 27230654,'H', 45, 5 );
INSERT INTO venta (cliente, tipo_producto, codigo_producto, cantidad) VALUES  ( 27230654,'H', 23, 4 );
INSERT INTO venta (cliente, tipo_producto, codigo_producto, cantidad) VALUES  ( 27975068,'H', 456, 3 );
INSERT INTO venta (cliente, tipo_producto, codigo_producto, cantidad) VALUES  ( 27975068,'H', 12, 2 );
INSERT INTO venta (cliente, tipo_producto, codigo_producto, cantidad) VALUES  ( 28019631,'H', 145, 2 );
INSERT INTO venta (cliente, tipo_producto, codigo_producto, cantidad) VALUES  ( 28019631,'H', 678, 3 );
INSERT INTO venta (cliente, tipo_producto, codigo_producto, cantidad) VALUES  ( 28021468,'H', 846, 4 );
INSERT INTO venta (cliente, tipo_producto, codigo_producto, cantidad) VALUES  ( 28390277,'H', 243, 4 );
INSERT INTO venta (cliente, tipo_producto, codigo_producto, cantidad) VALUES  ( 28539502,'H', 222, 2 );
INSERT INTO venta (cliente, tipo_producto, codigo_producto, cantidad) VALUES  ( 28682368,'H', 212, 1 );
INSERT INTO venta (cliente, tipo_producto, codigo_producto, cantidad) VALUES  ( 28694609,'H', 841, 3 );
INSERT INTO venta (cliente, tipo_producto, codigo_producto, cantidad) VALUES  ( 28792335,'H', 398, 4 );
INSERT INTO venta (cliente, tipo_producto, codigo_producto, cantidad) VALUES  ( 28870063,'H', 543, 6 );
INSERT INTO venta (cliente, tipo_producto, codigo_producto, cantidad) VALUES  ( 28960268,'H', 143, 7 );
INSERT INTO venta (cliente, tipo_producto, codigo_producto, cantidad) VALUES  ( 29035220,'H', 513, 5 );
INSERT INTO venta (cliente, tipo_producto, codigo_producto, cantidad) VALUES  ( 29037337,'H', 32, 2 );
INSERT INTO venta (cliente, tipo_producto, codigo_producto, cantidad) VALUES  ( 29061437,'H', 87, 1 );
INSERT INTO venta (cliente, tipo_producto, codigo_producto, cantidad) VALUES  ( 29066567,'H', 99, 10 );
INSERT INTO venta (cliente, tipo_producto, codigo_producto, cantidad) VALUES  ( 29115630,'H', 199, 3 );
INSERT INTO venta (cliente, tipo_producto, codigo_producto, cantidad) VALUES  ( 29117414,'H', 348, 3 );
INSERT INTO venta (cliente, tipo_producto, codigo_producto, cantidad) VALUES  ( 29141470,'H', 126, 7 );
INSERT INTO venta (cliente, tipo_producto, codigo_producto, cantidad) VALUES  ( 29239214,'M', 123, 5 );
INSERT INTO venta (cliente, tipo_producto, codigo_producto, cantidad) VALUES  ( 29239850,'M', 657, 5 );
INSERT INTO venta (cliente, tipo_producto, codigo_producto, cantidad) VALUES  ( 29260155,'M', 34, 7 );
INSERT INTO venta (cliente, tipo_producto, codigo_producto, cantidad) VALUES  ( 29307624,'M', 987, 11 );
INSERT INTO venta (cliente, tipo_producto, codigo_producto, cantidad) VALUES  ( 29342594,'M', 45, 12 );
INSERT INTO venta (cliente, tipo_producto, codigo_producto, cantidad) VALUES  ( 29398998,'M', 23, 14 );
INSERT INTO venta (cliente, tipo_producto, codigo_producto, cantidad) VALUES  ( 29528923,'M', 456, 15 );
INSERT INTO venta (cliente, tipo_producto, codigo_producto, cantidad) VALUES  ( 29545621,'M', 12, 18 );
INSERT INTO venta (cliente, tipo_producto, codigo_producto, cantidad) VALUES  ( 29545795,'M', 145, 76 );
INSERT INTO venta (cliente, tipo_producto, codigo_producto, cantidad) VALUES  ( 29878880,'M', 678, 4 );
INSERT INTO venta (cliente, tipo_producto, codigo_producto, cantidad) VALUES  ( 29921988,'M', 846, 2 );
INSERT INTO venta (cliente, tipo_producto, codigo_producto, cantidad) VALUES  ( 29957251,'M', 243, 3 );
INSERT INTO venta (cliente, tipo_producto, codigo_producto, cantidad) VALUES  ( 30008678,'M', 222, 22 );
INSERT INTO venta (cliente, tipo_producto, codigo_producto, cantidad) VALUES  ( 30041860,'M', 212, 3 );
INSERT INTO venta (cliente, tipo_producto, codigo_producto, cantidad) VALUES  ( 30063150,'M', 841, 1 );
INSERT INTO venta (cliente, tipo_producto, codigo_producto, cantidad) VALUES  ( 30088704,'M', 398, 5 );
INSERT INTO venta (cliente, tipo_producto, codigo_producto, cantidad) VALUES  ( 30284052,'M', 543, 5 );
INSERT INTO venta (cliente, tipo_producto, codigo_producto, cantidad) VALUES  ( 30519907,'M', 143, 8 );
INSERT INTO venta (cliente, tipo_producto, codigo_producto, cantidad) VALUES  ( 30550175,'M', 513, 8 );
INSERT INTO venta (cliente, tipo_producto, codigo_producto, cantidad) VALUES  ( 30550240,'M', 32, 2 );
INSERT INTO venta (cliente, tipo_producto, codigo_producto, cantidad) VALUES  ( 30550812,'H', 234, 2 );
INSERT INTO venta (cliente, tipo_producto, codigo_producto, cantidad) VALUES  ( 30578189,'M', 234, 4 );
INSERT INTO venta (cliente, tipo_producto, codigo_producto, cantidad) VALUES  ( 30580269,'H', 123, 7 );
INSERT INTO venta (cliente, tipo_producto, codigo_producto, cantidad) VALUES  ( 30801436,'H', 657, 8 );
INSERT INTO venta (cliente, tipo_producto, codigo_producto, cantidad) VALUES  ( 30859030,'H', 34, 9 );
INSERT INTO venta (cliente, tipo_producto, codigo_producto, cantidad) VALUES  ( 30883617,'H', 987, 10 );
INSERT INTO venta (cliente, tipo_producto, codigo_producto, cantidad) VALUES  ( 30936707,'H', 45, 12 );
INSERT INTO venta (cliente, tipo_producto, codigo_producto, cantidad) VALUES  ( 30936882,'H', 23, 11 );
INSERT INTO venta (cliente, tipo_producto, codigo_producto, cantidad) VALUES  ( 30965345,'H', 456, 16 );
INSERT INTO venta (cliente, tipo_producto, codigo_producto, cantidad) VALUES  ( 30976361,'H', 12, 7 );
INSERT INTO venta (cliente, tipo_producto, codigo_producto, cantidad) VALUES  ( 31117929,'H', 145, 1 );
INSERT INTO venta (cliente, tipo_producto, codigo_producto, cantidad) VALUES  ( 31148538,'H', 678, 18 );
INSERT INTO venta (cliente, tipo_producto, codigo_producto, cantidad) VALUES  ( 31148849,'H', 846, 15 );
INSERT INTO venta (cliente, tipo_producto, codigo_producto, cantidad) VALUES  ( 31243077,'H', 243, 14 );
INSERT INTO venta (cliente, tipo_producto, codigo_producto, cantidad) VALUES  ( 31350868,'H', 222, 14 );
INSERT INTO venta (cliente, tipo_producto, codigo_producto, cantidad) VALUES  ( 31394171,'H', 212, 12 );
INSERT INTO venta (cliente, tipo_producto, codigo_producto, cantidad) VALUES  ( 31475483,'H', 841, 11 );
INSERT INTO venta (cliente, tipo_producto, codigo_producto, cantidad) VALUES  ( 31504713,'H', 398, 5 );
INSERT INTO venta (cliente, tipo_producto, codigo_producto, cantidad) VALUES  ( 31587087,'H', 543, 6 );
INSERT INTO venta (cliente, tipo_producto, codigo_producto, cantidad) VALUES  ( 31625696,'H', 143, 4 );
INSERT INTO venta (cliente, tipo_producto, codigo_producto, cantidad) VALUES  ( 31637802,'H', 513, 8 );
INSERT INTO venta (cliente, tipo_producto, codigo_producto, cantidad) VALUES  ( 31697934,'H', 32, 9 );
INSERT INTO venta (cliente, tipo_producto, codigo_producto, cantidad) VALUES  ( 31711881,'H', 87, 10 );
INSERT INTO venta (cliente, tipo_producto, codigo_producto, cantidad) VALUES  ( 31799287,'H', 99, 11 );
INSERT INTO venta (cliente, tipo_producto, codigo_producto, cantidad) VALUES  ( 31914692,'H', 199, 14 );
INSERT INTO venta (cliente, tipo_producto, codigo_producto, cantidad) VALUES  ( 31963639,'H', 348, 2 );
INSERT INTO venta (cliente, tipo_producto, codigo_producto, cantidad) VALUES  ( 31985648,'H', 126, 5 );
INSERT INTO venta (cliente, tipo_producto, codigo_producto, cantidad) VALUES  ( 32084930,'M', 123, 1 );
INSERT INTO venta (cliente, tipo_producto, codigo_producto, cantidad) VALUES  ( 32189328,'M', 657, 2 );
INSERT INTO venta (cliente, tipo_producto, codigo_producto, cantidad) VALUES  ( 32233569,'M', 34, 2 );
INSERT INTO venta (cliente, tipo_producto, codigo_producto, cantidad) VALUES  ( 32388506,'M', 987, 3 );
INSERT INTO venta (cliente, tipo_producto, codigo_producto, cantidad) VALUES  ( 32429147,'M', 45, 5 );
INSERT INTO venta (cliente, tipo_producto, codigo_producto, cantidad) VALUES  ( 32650030,'M', 23, 8 );
INSERT INTO venta (cliente, tipo_producto, codigo_producto, cantidad) VALUES  ( 32697667,'M', 456, 8 );
INSERT INTO venta (cliente, tipo_producto, codigo_producto, cantidad) VALUES  ( 32720290,'M', 12, 4 );
INSERT INTO venta (cliente, tipo_producto, codigo_producto, cantidad) VALUES  ( 32777463,'M', 145, 3 );
INSERT INTO venta (cliente, tipo_producto, codigo_producto, cantidad) VALUES  ( 32893019,'M', 678, 3 );
INSERT INTO venta (cliente, tipo_producto, codigo_producto, cantidad) VALUES  ( 32954311,'M', 846, 2 );
INSERT INTO venta (cliente, tipo_producto, codigo_producto, cantidad) VALUES  ( 33039280,'M', 243, 2 );
INSERT INTO venta (cliente, tipo_producto, codigo_producto, cantidad) VALUES  ( 33185278,'M', 222, 1 );
INSERT INTO venta (cliente, tipo_producto, codigo_producto, cantidad) VALUES  ( 33280222,'M', 212, 6 );
INSERT INTO venta (cliente, tipo_producto, codigo_producto, cantidad) VALUES  ( 33316018,'M', 841, 7 );
INSERT INTO venta (cliente, tipo_producto, codigo_producto, cantidad) VALUES  ( 42812702,'M', 398, 8 );
INSERT INTO venta (cliente, tipo_producto, codigo_producto, cantidad) VALUES  ( 44222143,'M', 543, 9 );
INSERT INTO venta (cliente, tipo_producto, codigo_producto, cantidad) VALUES  ( 46313141,'M', 143, 10 );
INSERT INTO venta (cliente, tipo_producto, codigo_producto, cantidad) VALUES  ( 60591364,'M', 513, 1  );
INSERT INTO venta (cliente, tipo_producto, codigo_producto, cantidad) VALUES  ( 64940217,'M', 32, 6 );
INSERT INTO venta (cliente, tipo_producto, codigo_producto, cantidad) VALUES  ( 73124511,'H', 234, 4 );
INSERT INTO venta (cliente, tipo_producto, codigo_producto, cantidad) VALUES  ( 73145832,'M', 234, 3 );
INSERT INTO venta (cliente, tipo_producto, codigo_producto, cantidad) VALUES  ( 73157847,'H', 123, 2 );
INSERT INTO venta (cliente, tipo_producto, codigo_producto, cantidad) VALUES  ( 78188882,'H', 657, 3 );
INSERT INTO venta (cliente, tipo_producto, codigo_producto, cantidad) VALUES  ( 89345995,'H', 34, 2 );
INSERT INTO venta (cliente, tipo_producto, codigo_producto, cantidad) VALUES  ( 10147165,'H', 987, 1 );
INSERT INTO venta (cliente, tipo_producto, codigo_producto, cantidad) VALUES  ( 10561299,'H', 45, 1 );
INSERT INTO venta (cliente, tipo_producto, codigo_producto, cantidad) VALUES  ( 10800752,'H', 23, 1 );
INSERT INTO venta (cliente, tipo_producto, codigo_producto, cantidad) VALUES  ( 11862214,'H', 456, 3 );
INSERT INTO venta (cliente, tipo_producto, codigo_producto, cantidad) VALUES  ( 14075788,'H', 12, 6 );
INSERT INTO venta (cliente, tipo_producto, codigo_producto, cantidad) VALUES  ( 16317088,'H', 145, 7 );
INSERT INTO venta (cliente, tipo_producto, codigo_producto, cantidad) VALUES  ( 18443699,'H', 678, 8 );
INSERT INTO venta (cliente, tipo_producto, codigo_producto, cantidad) VALUES  ( 18626751,'H', 846, 9 );
INSERT INTO venta (cliente, tipo_producto, codigo_producto, cantidad) VALUES  ( 20139094,'H', 243, 1 );
INSERT INTO venta (cliente, tipo_producto, codigo_producto, cantidad) VALUES  ( 21354657,'H', 222, 2 );
INSERT INTO venta (cliente, tipo_producto, codigo_producto, cantidad) VALUES  ( 22868616,'H', 212, 3 );
INSERT INTO venta (cliente, tipo_producto, codigo_producto, cantidad) VALUES  ( 30517538,'H', 841, 5 );
INSERT INTO venta (cliente, tipo_producto, codigo_producto, cantidad) VALUES  ( 32220094,'H', 398, 3 );
INSERT INTO venta (cliente, tipo_producto, codigo_producto, cantidad) VALUES  ( 33316071,'H', 543, 2 );
INSERT INTO venta (cliente, tipo_producto, codigo_producto, cantidad) VALUES  ( 33345183,'H', 143, 3 );
INSERT INTO venta (cliente, tipo_producto, codigo_producto, cantidad) VALUES  ( 33345365,'H', 513, 2 );
INSERT INTO venta (cliente, tipo_producto, codigo_producto, cantidad) VALUES  ( 33355138,'H', 32, 1 );
INSERT INTO venta (cliente, tipo_producto, codigo_producto, cantidad) VALUES  ( 33392509,'H', 87, 6 );
INSERT INTO venta (cliente, tipo_producto, codigo_producto, cantidad) VALUES  ( 33392529,'H', 99, 2 );
INSERT INTO venta (cliente, tipo_producto, codigo_producto, cantidad) VALUES  ( 33529182,'H', 199, 3 );
INSERT INTO venta (cliente, tipo_producto, codigo_producto, cantidad) VALUES  ( 33574918,'H', 348, 2 );
INSERT INTO venta (cliente, tipo_producto, codigo_producto, cantidad) VALUES  ( 33771791,'H', 126, 1 );
INSERT INTO venta (cliente, tipo_producto, codigo_producto, cantidad) VALUES  ( 33771876,'M', 123, 2 );
INSERT INTO venta (cliente, tipo_producto, codigo_producto, cantidad) VALUES  ( 33772202,'M', 657, 1 );
INSERT INTO venta (cliente, tipo_producto, codigo_producto, cantidad) VALUES  ( 33793261,'M', 34, 1 );
INSERT INTO venta (cliente, tipo_producto, codigo_producto, cantidad) VALUES  ( 33946796,'M', 987, 2 );
INSERT INTO venta (cliente, tipo_producto, codigo_producto, cantidad) VALUES  ( 34087350,'M', 45, 3 );
INSERT INTO venta (cliente, tipo_producto, codigo_producto, cantidad) VALUES  ( 34144920,'M', 23, 4 );
INSERT INTO venta (cliente, tipo_producto, codigo_producto, cantidad) VALUES  ( 34486653,'M', 456, 5 );
INSERT INTO venta (cliente, tipo_producto, codigo_producto, cantidad) VALUES  ( 34488624,'M', 12, 3 );
INSERT INTO venta (cliente, tipo_producto, codigo_producto, cantidad) VALUES  ( 34488766,'M', 145, 2 );
INSERT INTO venta (cliente, tipo_producto, codigo_producto, cantidad) VALUES  ( 34621905,'M', 678, 4 );
INSERT INTO venta (cliente, tipo_producto, codigo_producto, cantidad) VALUES  ( 34663788,'M', 846, 6 );
INSERT INTO venta (cliente, tipo_producto, codigo_producto, cantidad) VALUES  ( 34664242,'M', 243, 1 );
INSERT INTO venta (cliente, tipo_producto, codigo_producto, cantidad) VALUES  ( 34784310,'M', 222, 2 );
INSERT INTO venta (cliente, tipo_producto, codigo_producto, cantidad) VALUES  ( 34967321,'M', 212, 3 );
INSERT INTO venta (cliente, tipo_producto, codigo_producto, cantidad) VALUES  ( 35002167,'M', 841, 4 );
INSERT INTO venta (cliente, tipo_producto, codigo_producto, cantidad) VALUES  ( 35030083,'M', 398, 5 );
INSERT INTO venta (cliente, tipo_producto, codigo_producto, cantidad) VALUES  ( 35099369,'M', 543, 4 );
INSERT INTO venta (cliente, tipo_producto, codigo_producto, cantidad) VALUES  ( 35171950,'M', 143, 5 );
INSERT INTO venta (cliente, tipo_producto, codigo_producto, cantidad) VALUES  ( 35172838,'M', 513, 6 );
INSERT INTO venta (cliente, tipo_producto, codigo_producto, cantidad) VALUES  ( 35172890,'M', 32, 1 );
INSERT INTO venta (cliente, tipo_producto, codigo_producto, cantidad) VALUES  ( 35218837,'H', 234, 1 );
INSERT INTO venta (cliente, tipo_producto, codigo_producto, cantidad) VALUES  ( 35381482,'M', 234, 2 );
INSERT INTO venta (cliente, tipo_producto, codigo_producto, cantidad) VALUES  ( 35382454,'H', 123, 1 );
INSERT INTO venta (cliente, tipo_producto, codigo_producto, cantidad) VALUES  ( 35547077,'H', 657, 1 );
INSERT INTO venta (cliente, tipo_producto, codigo_producto, cantidad) VALUES  ( 35659069,'H', 34, 2 );
INSERT INTO venta (cliente, tipo_producto, codigo_producto, cantidad) VALUES  ( 35659086,'H', 987, 3 );
INSERT INTO venta (cliente, tipo_producto, codigo_producto, cantidad) VALUES  ( 35712808,'H', 45, 4 );
INSERT INTO venta (cliente, tipo_producto, codigo_producto, cantidad) VALUES  ( 35774554,'H', 23, 1 );
INSERT INTO venta (cliente, tipo_producto, codigo_producto, cantidad) VALUES  ( 35887357,'H', 456,1 );
INSERT INTO venta (cliente, tipo_producto, codigo_producto, cantidad) VALUES  ( 35887499,'H', 12, 1 );
INSERT INTO venta (cliente, tipo_producto, codigo_producto, cantidad) VALUES  ( 35887854,'H', 145, 1 );
INSERT INTO venta (cliente, tipo_producto, codigo_producto, cantidad) VALUES  ( 35888484,'H', 678, 1 );
INSERT INTO venta (cliente, tipo_producto, codigo_producto, cantidad) VALUES  ( 35889336,'H', 846, 1 );
INSERT INTO venta (cliente, tipo_producto, codigo_producto, cantidad) VALUES  ( 35889531,'H', 243, 1 );
INSERT INTO venta (cliente, tipo_producto, codigo_producto, cantidad) VALUES  ( 35889600,'H', 222, 1 );
INSERT INTO venta (cliente, tipo_producto, codigo_producto, cantidad) VALUES  ( 20419561,'H', 212, 1 );
INSERT INTO venta (cliente, tipo_producto, codigo_producto, cantidad) VALUES  ( 42208039,'H', 841, 1 );
INSERT INTO venta (cliente, tipo_producto, codigo_producto, cantidad) VALUES  ( 44636442,'H', 398, 1 );
INSERT INTO venta (cliente, tipo_producto, codigo_producto, cantidad) VALUES  ( 54643524,'H', 543, 1 );
INSERT INTO venta (cliente, tipo_producto, codigo_producto, cantidad) VALUES  ( 73147665,'H', 143, 1 );
INSERT INTO venta (cliente, tipo_producto, codigo_producto, cantidad) VALUES  ( 73269745,'H', 513, 1 );
INSERT INTO venta (cliente, tipo_producto, codigo_producto, cantidad) VALUES  ( 13391100,'H', 32, 1 );
INSERT INTO venta (cliente, tipo_producto, codigo_producto, cantidad) VALUES  ( 16391835,'H', 87, 1 );
INSERT INTO venta (cliente, tipo_producto, codigo_producto, cantidad) VALUES  ( 16867375,'H', 99, 1 );
INSERT INTO venta (cliente, tipo_producto, codigo_producto, cantidad) VALUES  ( 17517077,'H', 199, 7 );
INSERT INTO venta (cliente, tipo_producto, codigo_producto, cantidad) VALUES  ( 22292478,'H', 348, 6 );
INSERT INTO venta (cliente, tipo_producto, codigo_producto, cantidad) VALUES  ( 22418346,'H', 126, 4 );
INSERT INTO venta (cliente, tipo_producto, codigo_producto, cantidad) VALUES  ( 23201953,'M', 123, 2 );
INSERT INTO venta (cliente, tipo_producto, codigo_producto, cantidad) VALUES  ( 23382303,'M', 657, 4 );
INSERT INTO venta (cliente, tipo_producto, codigo_producto, cantidad) VALUES  ( 24133290,'M', 34, 1 );
INSERT INTO venta (cliente, tipo_producto, codigo_producto, cantidad) VALUES  ( 25335421,'M', 987, 2 );
INSERT INTO venta (cliente, tipo_producto, codigo_producto, cantidad) VALUES  ( 25442704,'M', 45, 23 );
INSERT INTO venta (cliente, tipo_producto, codigo_producto, cantidad) VALUES  ( 26742667,'M', 23, 9  );
INSERT INTO venta (cliente, tipo_producto, codigo_producto, cantidad) VALUES  ( 26952000,'M', 456, 1 );
INSERT INTO venta (cliente, tipo_producto, codigo_producto, cantidad) VALUES  ( 27975053,'M', 12, 5 );
INSERT INTO venta (cliente, tipo_producto, codigo_producto, cantidad) VALUES  ( 28482229,'M', 145, 15 );
INSERT INTO venta (cliente, tipo_producto, codigo_producto, cantidad) VALUES  ( 29115605,'M', 678, 14 );
INSERT INTO venta (cliente, tipo_producto, codigo_producto, cantidad) VALUES  ( 30811435,'M', 846, 12 );
INSERT INTO venta (cliente, tipo_producto, codigo_producto, cantidad) VALUES  ( 32923291,'M', 243, 11 );
INSERT INTO venta (cliente, tipo_producto, codigo_producto, cantidad) VALUES  ( 33059038,'M', 222, 7 );
INSERT INTO venta (cliente, tipo_producto, codigo_producto, cantidad) VALUES  ( 33392717,'M', 212, 16 );
INSERT INTO venta (cliente, tipo_producto, codigo_producto, cantidad) VALUES  ( 33775224,'M', 841, 13 );
INSERT INTO venta (cliente, tipo_producto, codigo_producto, cantidad) VALUES  ( 33952437,'M', 398, 12 );
INSERT INTO venta (cliente, tipo_producto, codigo_producto, cantidad) VALUES  ( 35047249,'M', 543, 22 );
INSERT INTO venta (cliente, tipo_producto, codigo_producto, cantidad) VALUES  ( 35889868,'M', 143, 6 );
INSERT INTO venta (cliente, tipo_producto, codigo_producto, cantidad) VALUES  ( 36181720,'M', 513, 2 );
INSERT INTO venta (cliente, tipo_producto, codigo_producto, cantidad) VALUES  ( 36212878,'M', 32, 9 );
INSERT INTO venta (cliente, tipo_producto, codigo_producto, cantidad) VALUES  ( 36212891,'H', 234, 9 );
INSERT INTO venta (cliente, tipo_producto, codigo_producto, cantidad) VALUES  ( 36320922,'M', 234, 7 );
INSERT INTO venta (cliente, tipo_producto, codigo_producto, cantidad) VALUES  ( 36321774,'H', 123, 3 );
INSERT INTO venta (cliente, tipo_producto, codigo_producto, cantidad) VALUES  ( 36321864,'H', 657, 4 );
INSERT INTO venta (cliente, tipo_producto, codigo_producto, cantidad) VALUES  ( 36322082,'H', 34, 16 );
INSERT INTO venta (cliente, tipo_producto, codigo_producto, cantidad) VALUES  ( 36322225,'H', 987, 2 );
INSERT INTO venta (cliente, tipo_producto, codigo_producto, cantidad) VALUES  ( 36334179,'H', 45, 4 );
INSERT INTO venta (cliente, tipo_producto, codigo_producto, cantidad) VALUES  ( 36393277,'H', 23, 1 );
INSERT INTO venta (cliente, tipo_producto, codigo_producto, cantidad) VALUES  ( 36393283,'H', 456, 2 );
INSERT INTO venta (cliente, tipo_producto, codigo_producto, cantidad) VALUES  ( 36494625,'H', 12, 2 );
INSERT INTO venta (cliente, tipo_producto, codigo_producto, cantidad) VALUES  ( 36580201,'H', 145, 8 );
INSERT INTO venta (cliente, tipo_producto, codigo_producto, cantidad) VALUES  ( 36647874,'H', 678, 5 );
INSERT INTO venta (cliente, tipo_producto, codigo_producto, cantidad) VALUES  ( 36650575,'H', 846, 2 );
INSERT INTO venta (cliente, tipo_producto, codigo_producto, cantidad) VALUES  ( 36650693,'H', 243, 3 );
INSERT INTO venta (cliente, tipo_producto, codigo_producto, cantidad) VALUES  ( 36650982,'H', 222, 8 );
INSERT INTO venta (cliente, tipo_producto, codigo_producto, cantidad) VALUES  ( 36718873,'H', 212, 7 );
INSERT INTO venta (cliente, tipo_producto, codigo_producto, cantidad) VALUES  ( 36719465,'H', 841, 7 );
INSERT INTO venta (cliente, tipo_producto, codigo_producto, cantidad) VALUES  ( 36757164,'H', 398, 4 );
INSERT INTO venta (cliente, tipo_producto, codigo_producto, cantidad) VALUES  ( 36757264,'H', 543, 6 );
INSERT INTO venta (cliente, tipo_producto, codigo_producto, cantidad) VALUES  ( 36757407,'H', 143, 5 );
INSERT INTO venta (cliente, tipo_producto, codigo_producto, cantidad) VALUES  ( 37006500,'H', 513, 6 );
INSERT INTO venta (cliente, tipo_producto, codigo_producto, cantidad) VALUES  ( 37067840,'H', 32, 7 );
INSERT INTO venta (cliente, tipo_producto, codigo_producto, cantidad) VALUES  ( 37068029,'H', 87, 7 );
INSERT INTO venta (cliente, tipo_producto, codigo_producto, cantidad) VALUES  ( 37068721,'H', 99, 5 );
INSERT INTO venta (cliente, tipo_producto, codigo_producto, cantidad) VALUES  ( 37069026,'H', 199, 9 );
INSERT INTO venta (cliente, tipo_producto, codigo_producto, cantidad) VALUES  ( 37147949,'H', 348, 6 );
INSERT INTO venta (cliente, tipo_producto, codigo_producto, cantidad) VALUES  ( 37147984,'H', 126, 3 );
INSERT INTO venta (cliente, tipo_producto, codigo_producto, cantidad) VALUES  ( 26787500,'M', 123, 2 );

